county,year,days_with_aqi,good_days,moderate_days,unhealthy_sensitive_days,unhealthy_days,median_aqi,max_aqi
Adams,2019,365,243,122,0,0,45,87
Adams,2020,366,280,86,0,0,42,88
Adams,2021,364,206,155,3,0,47,129
Adams,2022,365,221,144,0,0,47,97
Adams,2023,365,188,166,7,3,50,241
Allegheny,2019,365,67,287,7,4,59,165
Allegheny,2020,366,138,218,10,0,54,128
Allegheny,2021,365,118,240,6,1,57,154
Allegheny,2022,365,129,225,10,1,56,151
Allegheny,2023,365,121,227,15,1,56,237
Armstrong,2019,365,261,104,0,0,43,72
Armstrong,2020,366,246,117,3,0,43,122
Armstrong,2021,350,184,165,1,0,48,108
Armstrong,2022,365,198,165,2,0,48,122
Armstrong,2023,362,238,117,4,1,44,210
Beaver,2019,365,183,181,1,0,50,132
Beaver,2020,366,205,160,1,0,48,142
Beaver,2021,365,170,192,3,0,52,125
Beaver,2022,364,174,189,1,0,51,112
Beaver,2023,365,158,197,8,0,52,235
Berks,2019,365,230,129,5,1,44,170
Berks,2020,362,227,134,1,0,44,102
Berks,2021,365,198,162,5,0,48,133
Berks,2022,365,240,123,2,0,44,101
Berks,2023,364,205,147,7,3,48,287
Blair,2019,352,220,132,0,0,46,93
Blair,2020,360,262,98,0,0,43,87
Blair,2021,336,206,128,2,0,45,120
Blair,2022,363,234,129,0,0,44,97
Blair,2023,358,229,123,1,4,43,213
Bradford,2019,352,273,79,0,0,41,78
Bradford,2020,358,301,57,0,0,39,84
Bradford,2021,356,242,113,1,0,42,116
Bradford,2022,303,246,57,0,0,40,80
Bradford,2023,289,237,51,1,0,40,108
Bucks,2019,357,318,36,3,0,35,136
Bucks,2020,351,331,16,4,0,33,115
Bucks,2021,283,239,34,10,0,37,143
Bucks,2022,237,196,39,2,0,41,119
Bucks,2023,296,241,50,4,1,39,200
Cambria,2019,365,229,136,0,0,45,89
Cambria,2020,366,228,138,0,0,44,90
Cambria,2021,353,169,183,1,0,51,130
Cambria,2022,363,171,191,1,0,52,119
Cambria,2023,363,213,147,0,2,46,201
Centre,2019,365,192,173,0,0,49,99
Centre,2020,366,287,79,0,0,41,91
Centre,2021,365,241,123,1,0,43,114
Centre,2022,365,240,125,0,0,44,89
Centre,2023,365,239,118,3,5,45,199
Chester,2019,364,223,139,2,0,46,115
Chester,2020,355,233,121,1,0,44,143
Chester,2021,347,215,130,2,0,45,138
Chester,2022,364,249,115,0,0,45,80
Chester,2023,361,220,134,3,2,45,248
Clearfield,2019,359,357,2,0,0,33,61
Clearfield,2020,343,341,2,0,0,31,54
Clearfield,2021,277,274,3,0,0,33,54
Clearfield,2022,219,215,4,0,0,35,97
Cumberland,2019,365,178,182,5,0,51,150
Cumberland,2020,363,236,125,2,0,44,137
Cumberland,2021,365,209,155,1,0,47,114
Cumberland,2022,360,213,146,1,0,44,113
Cumberland,2023,365,212,146,3,2,44,224
Dauphin,2019,365,232,129,3,1,44,161
Dauphin,2020,366,219,144,3,0,46,116
Dauphin,2021,359,155,202,2,0,52,127
Dauphin,2022,365,198,164,3,0,48,127
Dauphin,2023,365,169,184,7,3,52,255
Delaware,2019,365,180,178,7,0,51,133
Delaware,2020,366,174,189,3,0,52,129
Delaware,2021,365,182,180,3,0,51,142
Delaware,2022,365,191,174,0,0,49,95
Delaware,2023,365,187,169,5,2,50,271
Elk,2019,357,345,12,0,0,35,80
Elk,2020,358,356,2,0,0,34,67
Elk,2021,358,340,18,0,0,34,87
Elk,2022,363,353,9,1,0,35,101
Elk,2023,363,343,20,0,0,35,100
Erie,2019,364,271,93,0,0,39,93
Erie,2020,363,298,65,0,0,36,87
Erie,2021,329,255,74,0,0,38,92
Erie,2022,365,286,79,0,0,38,90
Erie,2023,365,240,116,6,3,42,180
Fayette,2019,360,273,87,0,0,42,75
Fayette,2020,363,265,98,0,0,42,100
Fayette,2021,354,227,126,1,0,43,113
Fayette,2022,302,218,84,0,0,43,87
Fayette,2023,304,220,82,2,0,44,129
Franklin,2019,341,324,17,0,0,36,80
Franklin,2020,363,363,0,0,0,32,50
Franklin,2021,288,274,14,0,0,35,77
Franklin,2022,237,225,12,0,0,39,84
Franklin,2023,301,267,32,2,0,39,133
Greene,2019,349,294,55,0,0,38,71
Greene,2020,359,294,64,1,0,39,101
Greene,2021,340,232,107,1,0,42,113
Greene,2022,294,231,63,0,0,42,100
Greene,2023,302,219,81,2,0,44,108
Indiana,2019,350,324,26,0,0,38,93
Indiana,2020,351,320,30,1,0,37,112
Indiana,2021,348,218,128,2,0,44,122
Indiana,2022,365,264,100,1,0,42,105
Indiana,2023,363,264,92,4,2,41,220
Lackawanna,2019,365,309,56,0,0,39,82
Lackawanna,2020,366,295,71,0,0,40,83
Lackawanna,2021,353,252,100,1,0,40,137
Lackawanna,2022,363,259,104,0,0,43,74
Lackawanna,2023,365,230,127,3,4,44,292
Lancaster,2019,365,160,195,9,1,52,159
Lancaster,2020,366,177,184,4,1,51,153
Lancaster,2021,365,100,257,7,1,56,156
Lancaster,2022,365,84,274,6,1,59,153
Lancaster,2023,365,108,243,9,3,58,321
Lawrence,2019,361,356,5,0,0,31,74
Lawrence,2020,363,354,9,0,0,31,93
Lawrence,2021,278,259,19,0,0,31,87
Lawrence,2022,243,223,18,2,0,37,126
Lawrence,2023,267,254,12,1,0,34,119
Lebanon,2019,360,219,137,4,0,46,142
Lebanon,2020,170,116,53,1,0,41,115
Lebanon,2021,365,197,166,2,0,49,117
Lebanon,2022,364,224,138,2,0,46,108
Lebanon,2023,365,204,151,5,3,47,265
Lehigh,2019,360,254,103,3,0,43,119
Lehigh,2020,359,262,97,0,0,41,93
Lehigh,2021,353,198,154,0,1,47,154
Lehigh,2022,359,246,113,0,0,42,99
Lehigh,2023,363,230,126,2,4,43,337
Luzerne,2019,361,350,11,0,0,34,77
Luzerne,2020,356,354,2,0,0,31,54
Luzerne,2021,287,270,17,0,0,34,90
Luzerne,2022,235,224,11,0,0,37,74
Lycoming,2019,361,322,39,0,0,37,77
Lycoming,2020,366,283,82,1,0,41,109
Lycoming,2021,354,221,132,1,0,44,111
Lycoming,2022,304,221,83,0,0,40,80
Lycoming,2023,283,242,38,3,0,38,119
Mercer,2019,365,240,125,0,0,44,96
Mercer,2020,366,272,93,1,0,41,105
Mercer,2021,363,277,85,1,0,40,112
Mercer,2022,365,288,74,3,0,40,136
Mercer,2023,364,237,122,3,2,44,196
Monroe,2019,349,340,9,0,0,34,80
Monroe,2020,357,355,2,0,0,33,80
Monroe,2021,233,214,19,0,0,35,84
Monroe,2022,202,184,18,0,0,39,93
Monroe,2023,294,270,21,3,0,34,126
Montgomery,2019,362,262,99,1,0,40,129
Montgomery,2020,366,269,97,0,0,43,99
Montgomery,2021,356,202,148,6,0,47,150
Montgomery,2022,362,237,124,1,0,44,108
Montgomery,2023,365,232,127,1,3,44,284
Northampton,2019,363,238,122,3,0,44,114
Northampton,2020,365,260,104,1,0,41,117
Northampton,2021,365,214,147,4,0,45,148
Northampton,2022,358,224,132,2,0,45,118
Northampton,2023,362,209,146,2,4,46,368
Philadelphia,2019,365,193,166,6,0,49,140
Philadelphia,2020,366,212,149,5,0,47,119
Philadelphia,2021,365,137,217,9,2,54,153
Philadelphia,2022,365,155,206,4,0,52,113
Philadelphia,2023,365,83,268,9,3,58,331
Somerset,2019,359,340,19,0,0,36,80
Somerset,2020,365,357,8,0,0,34,71
Somerset,2021,363,339,24,0,0,34,90
Somerset,2022,360,351,9,0,0,34,90
Somerset,2023,365,333,32,0,0,35,93
Susquehanna,2019,352,292,60,0,0,32,79
Susquehanna,2020,365,311,54,0,0,31,74
Susquehanna,2021,334,252,80,2,0,35,133
Susquehanna,2022,279,219,60,0,0,33,67
Susquehanna,2023,152,126,26,0,0,28,64
Tioga,2019,361,317,44,0,0,37,77
Tioga,2020,352,298,54,0,0,39,81
Tioga,2021,350,274,75,1,0,38,131
Tioga,2022,302,248,54,0,0,39,77
Tioga,2023,304,254,50,0,0,41,100
Washington,2019,365,177,188,0,0,51,95
Washington,2020,366,221,145,0,0,46,100
Washington,2021,365,187,177,1,0,49,123
Washington,2022,365,173,192,0,0,52,87
Washington,2023,365,180,175,7,1,51,212
Westmoreland,2019,354,276,78,0,0,41,93
Westmoreland,2020,362,281,81,0,0,39,83
Westmoreland,2021,354,196,157,1,0,47,124
Westmoreland,2022,304,198,106,0,0,41,76
Westmoreland,2023,298,227,70,1,0,42,133
Wyoming,2019,27,18,9,0,0,38,87
Wyoming,2020,361,300,61,0,0,33,79
Wyoming,2021,336,254,81,1,0,34,127
Wyoming,2022,270,219,51,0,0,34,65
Wyoming,2023,146,123,23,0,0,27,68
York,2019,365,232,133,0,0,44,94
York,2020,366,221,145,0,0,46,97
York,2021,357,168,187,2,0,51,148
York,2022,365,205,159,1,0,47,105
York,2023,356,198,150,4,3,48,256
