county,year,new_diagnoses,prevalence,new_dx_idu,population
Adams,2012,5,71,,106748
Adams,2013,,72,,106748
Adams,2014,5,75,,106748
Adams,2015,,76,,106748
Adams,2016,7,83,,106748
Allegheny,2012,123,2546,,1224825
Allegheny,2013,119,2622,8,1224825
Allegheny,2014,128,2709,,1224825
Allegheny,2015,142,2817,10,1224825
Allegheny,2016,127,2910,5,1224825
Armstrong,2012,,34,,64074
Armstrong,2013,,33,,64074
Armstrong,2014,,34,,64074
Armstrong,2015,,34,,64074
Armstrong,2016,,37,,64074
Beaver,2012,6,109,,165631
Beaver,2013,,104,,165631
Beaver,2014,5,108,,165631
Beaver,2015,,110,,165631
Beaver,2016,,108,,165631
Bedford,2012,5,23,,47350
Bedford,2013,,23,,47350
Bedford,2014,,21,,47350
Bedford,2015,5,26,,47350
Bedford,2016,,28,,47350
Berks,2012,40,963,,432821
Berks,2013,34,974,,432821
Berks,2014,33,987,,432821
Berks,2015,29,1009,,432821
Berks,2016,30,1027,,432821
Blair,2012,,75,,120273
Blair,2013,,75,,120273
Blair,2014,5,75,,120273
Blair,2015,5,78,,120273
Blair,2016,5,82,,120273
Bradford,2012,,39,,59695
Bradford,2013,,39,,59695
Bradford,2014,,37,,59695
Bradford,2015,,36,,59695
Bradford,2016,5,39,,59695
Bucks,2012,43,748,6,645984
Bucks,2013,37,776,5,645984
Bucks,2014,30,793,,645984
Bucks,2015,24,808,,645984
Bucks,2016,19,819,,645984
Butler,2012,,74,,198413
Butler,2013,,75,,198413
Butler,2014,,78,,198413
Butler,2015,7,84,,198413
Butler,2016,,85,,198413
Cambria,2012,10,119,,130668
Cambria,2013,,122,,130668
Cambria,2014,6,125,,130668
Cambria,2015,5,125,,130668
Cambria,2016,,128,,130668
Cameron,2012,,,,4380
Cameron,2013,,,,4380
Cameron,2014,,,,4380
Cameron,2015,,,,4380
Cameron,2016,,,,4380
Carbon,2012,7,74,,65458
Carbon,2013,,71,,65458
Carbon,2014,7,76,,65458
Carbon,2015,,78,,65458
Carbon,2016,5,83,,65458
Centre,2012,8,159,,157795
Centre,2013,8,167,,157795
Centre,2014,5,171,,157795
Centre,2015,8,176,,157795
Centre,2016,12,184,,157795
Chester,2012,34,507,,549784
Chester,2013,19,510,,549784
Chester,2014,21,521,,549784
Chester,2015,14,531,,549784
Chester,2016,18,544,,549784
Clarion,2012,,21,,36970
Clarion,2013,,21,,36970
Clarion,2014,,21,,36970
Clarion,2015,,22,,36970
Clarion,2016,,22,,36970
Clearfield,2012,,65,,77090
Clearfield,2013,,65,,77090
Clearfield,2014,6,70,,77090
Clearfield,2015,,72,,77090
Clearfield,2016,,71,,77090
Clinton,2012,,13,,37607
Clinton,2013,,13,,37607
Clinton,2014,,14,,37607
Clinton,2015,,14,,37607
Clinton,2016,,15,,37607
Columbia,2012,,58,,65439
Columbia,2013,,58,,65439
Columbia,2014,,59,,65439
Columbia,2015,,60,,65439
Columbia,2016,,61,,65439
Crawford,2012,5,63,,82001
Crawford,2013,,62,,82001
Crawford,2014,,64,,82001
Crawford,2015,,65,,82001
Crawford,2016,,68,,82001
Cumberland,2012,9,372,,270738
Cumberland,2013,16,377,,270738
Cumberland,2014,9,382,,270738
Cumberland,2015,7,383,,270738
Cumberland,2016,12,387,,270738
Dauphin,2012,40,966,6,289234
Dauphin,2013,33,982,,289234
Dauphin,2014,37,1005,5,289234
Dauphin,2015,34,1017,,289234
Dauphin,2016,49,1054,,289234
Delaware,2012,93,1560,6,576720
Delaware,2013,76,1605,,576720
Delaware,2014,72,1645,5,576720
Delaware,2015,69,1690,,576720
Delaware,2016,61,1736,,576720
Elk,2012,,7,,30198
Elk,2013,,7,,30198
Elk,2014,,6,,30198
Elk,2015,,7,,30198
Elk,2016,,7,,30198
Erie,2012,11,306,,267571
Erie,2013,14,316,,267571
Erie,2014,12,322,,267571
Erie,2015,15,332,,267571
Erie,2016,13,343,,267571
Fayette,2012,6,83,,123915
Fayette,2013,7,89,,123915
Fayette,2014,5,92,,123915
Fayette,2015,,93,,123915
Fayette,2016,6,99,,123915
Forest,2012,,13,,6449
Forest,2013,,13,,6449
Forest,2014,,12,,6449
Forest,2015,,12,,6449
Forest,2016,,12,,6449
Franklin,2012,,127,,157854
Franklin,2013,7,133,,157854
Franklin,2014,9,140,,157854
Franklin,2015,,139,,157854
Franklin,2016,,141,,157854
Fulton,2012,,9,,14468
Fulton,2013,,10,,14468
Fulton,2014,,10,,14468
Fulton,2015,,10,,14468
Fulton,2016,,10,,14468
Greene,2012,,23,,34357
Greene,2013,,23,,34357
Greene,2014,,24,,34357
Greene,2015,,24,,34357
Greene,2016,,24,,34357
Huntingdon,2012,,71,,43514
Huntingdon,2013,,71,,43514
Huntingdon,2014,,70,,43514
Huntingdon,2015,,72,,43514
Huntingdon,2016,,72,,43514
Indiana,2012,,37,,83094
Indiana,2013,,37,,83094
Indiana,2014,,37,,83094
Indiana,2015,,38,,83094
Indiana,2016,,39,,83094
Jefferson,2012,,15,,43612
Jefferson,2013,,15,,43612
Jefferson,2014,,15,,43612
Jefferson,2015,,16,,43612
Jefferson,2016,,16,,43612
Juniata,2012,,17,,23243
Juniata,2013,,17,,23243
Juniata,2014,,17,,23243
Juniata,2015,,16,,23243
Juniata,2016,,16,,23243
Lackawanna,2012,13,277,,216123
Lackawanna,2013,12,283,5,216123
Lackawanna,2014,9,289,,216123
Lackawanna,2015,11,296,,216123
Lackawanna,2016,13,307,,216123
Lancaster,2012,31,798,,558589
Lancaster,2013,34,819,,558589
Lancaster,2014,27,838,,558589
Lancaster,2015,35,860,8,558589
Lancaster,2016,31,881,,558589
Lawrence,2012,,44,,84472
Lawrence,2013,,46,,84472
Lawrence,2014,5,51,,84472
Lawrence,2015,5,55,,84472
Lawrence,2016,,55,,84472
Lebanon,2012,9,129,,144252
Lebanon,2013,6,133,,144252
Lebanon,2014,6,136,,144252
Lebanon,2015,6,139,,144252
Lebanon,2016,9,147,,144252
Lehigh,2012,42,958,8,377754
Lehigh,2013,40,986,6,377754
Lehigh,2014,41,1009,5,377754
Lehigh,2015,27,1029,,377754
Lehigh,2016,39,1053,,377754
Luzerne,2012,18,333,,327388
Luzerne,2013,17,339,,327388
Luzerne,2014,17,347,,327388
Luzerne,2015,26,360,,327388
Luzerne,2016,17,374,,327388
Lycoming,2012,7,222,,112724
Lycoming,2013,,222,,112724
Lycoming,2014,,220,,112724
Lycoming,2015,5,223,,112724
Lycoming,2016,5,226,,112724
Mercer,2012,,66,,108503
Mercer,2013,,67,,108503
Mercer,2014,,69,,108503
Mercer,2015,7,76,,108503
Mercer,2016,,74,,108503
Mifflin,2012,,19,,45922
Mifflin,2013,,19,,45922
Mifflin,2014,,19,,45922
Mifflin,2015,,19,,45922
Mifflin,2016,,19,,45922
Monroe,2012,14,266,,166053
Monroe,2013,17,280,,166053
Monroe,2014,9,285,,166053
Monroe,2015,11,291,,166053
Monroe,2016,10,299,,166053
Montgomery,2012,48,1021,,868742
Montgomery,2013,70,1073,,868742
Montgomery,2014,46,1103,,868742
Montgomery,2015,36,1126,,868742
Montgomery,2016,23,1131,,868742
Montour,2012,,17,,17860
Montour,2013,,17,,17860
Montour,2014,,17,,17860
Montour,2015,,17,,17860
Montour,2016,,18,,17860
Northampton,2012,,384,,319091
Northampton,2013,25,405,,319091
Northampton,2014,5,406,,319091
Northampton,2015,9,407,,319091
Northampton,2016,,408,,319091
Northumberland,2012,,75,,90120
Northumberland,2013,,77,,90120
Northumberland,2014,,77,,90120
Northumberland,2015,,79,,90120
Northumberland,2016,,80,,90120
Perry,2012,,27,,46083
Perry,2013,,29,,46083
Perry,2014,,31,,46083
Perry,2015,,33,,46083
Perry,2016,,33,,46083
Philadelphia,2012,735,17348,92,1550542
Philadelphia,2013,637,17630,51,1550542
Philadelphia,2014,563,17861,46,1550542
Philadelphia,2015,534,18118,31,1550542
Philadelphia,2016,382,18259,28,1550542
Pike,2012,,81,,61247
Pike,2013,12,92,,61247
Pike,2014,,94,,61247
Pike,2015,,95,,61247
Pike,2016,,97,,61247
Potter,2012,,,,15999
Potter,2013,,,,15999
Potter,2014,,,,15999
Potter,2015,,,,15999
Potter,2016,,,,15999
Schuylkill,2012,8,137,,143786
Schuylkill,2013,6,140,,143786
Schuylkill,2014,,139,,143786
Schuylkill,2015,,139,,143786
Schuylkill,2016,5,140,,143786
Snyder,2012,,17,,39717
Snyder,2013,,17,,39717
Snyder,2014,,18,,39717
Snyder,2015,,18,,39717
Snyder,2016,,20,,39717
Somerset,2012,,85,,72197
Somerset,2013,,86,,72197
Somerset,2014,,86,,72197
Somerset,2015,,87,,72197
Somerset,2016,,88,,72197
Sullivan,2012,,6,,5834
Sullivan,2013,,6,,5834
Sullivan,2014,,7,,5834
Sullivan,2015,,7,,5834
Sullivan,2016,,8,,5834
Susquehanna,2012,,18,,38109
Susquehanna,2013,,18,,38109
Susquehanna,2014,,19,,38109
Susquehanna,2015,,20,,38109
Susquehanna,2016,,20,,38109
Tioga,2012,,21,,40840
Tioga,2013,,21,,40840
Tioga,2014,,20,,40840
Tioga,2015,,21,,40840
Tioga,2016,,21,,40840
Union,2012,,126,,42042
Union,2013,,128,,42042
Union,2014,,127,,42042
Union,2015,,128,,42042
Union,2016,,127,,42042
Venango,2012,,17,,49431
Venango,2013,,18,,49431
Venango,2014,,18,,49431
Venango,2015,,20,,49431
Venango,2016,,21,,49431
Warren,2012,,22,,37572
Warren,2013,,22,,37572
Warren,2014,,22,,37572
Warren,2015,,23,,37572
Warren,2016,,23,,37572
Washington,2012,7,104,,210232
Washington,2013,9,111,,210232
Washington,2014,,110,,210232
Washington,2015,,109,,210232
Washington,2016,,111,,210232
Wayne,2012,,61,,51262
Wayne,2013,,63,,51262
Wayne,2014,5,65,,51262
Wayne,2015,,67,,51262
Wayne,2016,,67,,51262
Westmoreland,2012,9,158,,351163
Westmoreland,2013,,160,,351163
Westmoreland,2014,16,172,,351163
Westmoreland,2015,8,176,,351163
Westmoreland,2016,,176,,351163
Wyoming,2012,,12,,25902
Wyoming,2013,,13,,25902
Wyoming,2014,,13,,25902
Wyoming,2015,,12,,25902
Wyoming,2016,,12,,25902
York,2012,23,729,,464640
York,2013,28,748,7,464640
York,2014,28,759,,464640
York,2015,28,773,,464640
York,2016,39,807,7,464640
